{"stats":{"minecraft:used":{"minecraft:crafting_table":1,"minecraft:grass_block":1,"minecraft:wooden_shovel":5},"minecraft:dropped":{"gravestone:obituary":2},"minecraft:custom":{"minecraft:time_since_rest":2513,"minecraft:crouch_one_cm":83,"minecraft:deaths":2,"minecraft:play_time":4802,"minecraft:damage_taken":490,"minecraft:walk_one_cm":2968,"minecraft:sneak_time":228,"minecraft:drop":2,"minecraft:leave_game":5,"minecraft:time_since_death":2450,"minecraft:total_world_time":4802,"minecraft:interact_with_crafting_table":1},"minecraft:crafted":{"minecraft:warped_planks":4,"minecraft:oak_planks":4,"minecraft:wooden_shovel":1,"minecraft:crafting_table":1,"minecraft:stick":4},"minecraft:picked_up":{"minecraft:coarse_dirt":3,"minecraft:clay_ball":4,"minecraft:warped_stem":2,"minecraft:oak_log":1,"minecraft:rooted_dirt":2,"minecraft:moss_block":1,"minecraft:dirt":1},"minecraft:mined":{"minecraft:grass_block":4,"minecraft:oak_log":2,"minecraft:coarse_dirt":2,"minecraft:warped_stem":2,"minecraft:dirt":2,"minecraft:moss_block":3,"minecraft:oak_leaves":4,"minecraft:rooted_dirt":5,"minecraft:clay":3,"minecraft:crimson_stem":1}},"DataVersion":3120}