{"stats":{"minecraft:custom":{"minecraft:time_since_rest":5579,"minecraft:crouch_one_cm":90,"minecraft:sprint_one_cm":13539,"minecraft:play_time":6335,"minecraft:deaths":1,"minecraft:damage_taken":445,"minecraft:walk_one_cm":22499,"minecraft:sneak_time":18,"minecraft:walk_under_water_one_cm":69,"minecraft:jump":147,"minecraft:damage_dealt":170,"minecraft:leave_game":1,"minecraft:walk_on_water_one_cm":2791,"minecraft:time_since_death":4981,"minecraft:total_world_time":6335,"minecraft:fall_one_cm":5379,"minecraft:fly_one_cm":27781},"minecraft:killed_by":{"endofherobrine:cow":1},"minecraft:picked_up":{"minecraft:wheat_seeds":2,"minecraft:oak_log":4,"minecraft:oak_sapling":1,"minecraft:dirt":14},"minecraft:used":{"minecraft:oak_log":1,"minecraft:dirt":2},"minecraft:crafted":{"minecraft:oak_planks":4},"minecraft:mined":{"minecraft:grass":2,"minecraft:oak_log":3,"minecraft:grass_block":1,"minecraft:oak_leaves":3}},"DataVersion":3120}