{"stats":{"minecraft:custom":{"minecraft:jump":38,"minecraft:time_since_rest":2884,"minecraft:damage_taken":160,"minecraft:leave_game":1,"minecraft:time_since_death":2884,"minecraft:crouch_one_cm":352,"minecraft:play_time":2884,"minecraft:sprint_one_cm":5670,"minecraft:walk_one_cm":5539,"minecraft:sneak_time":88,"minecraft:total_world_time":2884,"minecraft:interact_with_crafting_table":1,"minecraft:fall_one_cm":2086,"minecraft:fly_one_cm":955},"minecraft:picked_up":{"minecraft:oak_log":4},"minecraft:used":{"minecraft:crafting_table":1},"minecraft:crafted":{"minecraft:crafting_table":1,"minecraft:oak_planks":16},"minecraft:mined":{"minecraft:oak_log":4,"minecraft:oak_leaves":5}},"DataVersion":3120}