{"stats":{"minecraft:crafted":{"minecraft:oak_planks":20,"minecraft:crafting_table":1},"minecraft:dropped":{"gravestone:obituary":2},"minecraft:used":{"endofherobrine:sheep_spawn_egg":1},"minecraft:picked_up":{"minecraft:oak_log":5,"gravestone:obituary":1},"minecraft:killed_by":{"endofherobrine:sheep":1},"minecraft:killed":{"endofherobrine:sheep":2},"minecraft:mined":{"gravestone:gravestone":1,"minecraft:oak_log":5},"minecraft:custom":{"minecraft:time_since_rest":4237,"minecraft:sprint_one_cm":11232,"minecraft:play_time":7419,"minecraft:deaths":1,"minecraft:damage_taken":260,"minecraft:walk_one_cm":13199,"minecraft:sneak_time":12,"minecraft:walk_under_water_one_cm":148,"minecraft:mob_kills":2,"minecraft:drop":2,"minecraft:jump":94,"minecraft:damage_dealt":180,"minecraft:leave_game":1,"minecraft:walk_on_water_one_cm":1556,"minecraft:time_since_death":4205,"minecraft:total_world_time":7419,"minecraft:fall_one_cm":2672,"minecraft:fly_one_cm":39161}},"DataVersion":3120}