{"stats":{"minecraft:used":{"minecraft:wooden_axe":59,"minecraft:dirt":50,"minecraft:rooted_dirt":4,"minecraft:wooden_shovel":28,"minecraft:coarse_dirt":12,"minecraft:clay":1},"minecraft:broken":{"minecraft:wooden_axe":1},"minecraft:custom":{"minecraft:time_since_rest":10,"minecraft:damage_taken":260,"minecraft:crouch_one_cm":13704,"minecraft:walk_one_cm":2988,"minecraft:play_time":8825,"minecraft:sneak_time":6730,"minecraft:jump":2,"minecraft:leave_game":2,"minecraft:time_since_death":0,"minecraft:total_world_time":8825,"minecraft:interact_with_crafting_table":3,"minecraft:deaths":1},"minecraft:crafted":{"minecraft:warped_planks":20,"minecraft:crimson_planks":4,"minecraft:oak_planks":8,"minecraft:wooden_shovel":1,"minecraft:clay":2,"minecraft:stick":8,"minecraft:wooden_axe":1},"minecraft:picked_up":{"minecraft:coarse_dirt":13,"minecraft:clay_ball":44,"minecraft:crimson_stem":9,"minecraft:warped_stem":11,"minecraft:oak_log":7,"minecraft:rooted_dirt":11,"minecraft:oak_sapling":1,"minecraft:moss_block":8,"minecraft:oak_planks":1,"minecraft:dirt":50},"minecraft:mined":{"minecraft:podzol":6,"minecraft:grass_block":13,"minecraft:oak_log":6,"minecraft:mycelium":14,"minecraft:coarse_dirt":13,"minecraft:warped_stem":11,"minecraft:dirt":15,"minecraft:moss_block":7,"minecraft:oak_leaves":11,"minecraft:rooted_dirt":6,"minecraft:clay":8,"minecraft:crimson_stem":9}},"DataVersion":3120}